{"cameraMode":{"drawMode":0,"name":"Shaded","section":"Shading Mode"},"sceneLighting":true,"audioPlay":false,"sceneViewState":{"m_AlwaysRefresh":false,"showFog":true,"showSkybox":true,"showFlares":true,"showImageEffects":true,"showParticleSystems":true,"showVisualEffectGraphs":true,"m_FxEnabled":true},"in2DMode":false,"pivot":{"x":7.426191806793213,"y":17.549272537231447,"z":-34.051246643066409},"rotation":{"x":0.32552486658096316,"y":-0.17757831513881684,"z":0.06228763610124588,"w":0.9266473054885864},"size":4.295534610748291,"orthographic":false}